vartrans.ord	CGdinit	CpGisland	phyl100w	phyl20w	phast100w	phast20w	gerpScore	gerpElem	CDTS	dnaseClust	roadmapState.promoter	roadmapState.transcribed	roadmapState.enhancer	roadmapState.ZNFRpts	roadmapState.heterochrom	roadmapState.repressed	roadmapState.quies	H3K4me1_medFC	H3K4me3_medFC	H3K27ac_medFC	tfbsEnsembl.count	tfbsEnsembl.scoremax	tfbsCons.count	tfbsCons.scoremax	tfbsClust.count	tfbsClust.scoremax	pegasus.score	pegasus.count_targs	fantom.bestScore	fantom.count_targs	genhancer.bestScore	genhancer.count_targs	genhancer.bestScore_targs	focs_fantom.maxScore	focs_fantom.count_targs	focs_groseq.maxScore	focs_groseq.count_targs	focs_roadmap.maxScore	focs_roadmap.count_targs	ratio_shared_targets
0.0003803712224128635	0.0001606809992244836	-0.0004757842009564438	0.06661316476614575	0.03949714408081398	0.07465393167981434	0.04041733146899412	0.11059606391029514	0.05660210032814025	-0.0016680125324406035	0.0017469752765379375	0.018310431313646593	-0.003018308363268226	0.0038236018987213545	7.55556054054419e-05	-8.873491149147032e-05	-0.0011230304530939915	-0.010708280978825466	0.007738245335684725	0.006042455027458932	0.00012406293015734	-0.0001762387104423365	7.784639540262185e-07	0.021064368646021528	0.018587741659277717	0.011366538653676688	0.013102553378651464	0.00031319371730036713	0.000449595352701269	8.297401090732857e-05	8.898351785440579e-05	-0.0018455425808246869	-0.004402063948605158	-0.002593539705479354	3.347770816942428e-05	3.5001396646915914e-05	5.730487185665417e-05	1.103687942021827e-05	0.00010747708345152048	3.774902482856948e-05	0.0004734915380811652
-0.0038346218117519724	0.0006342257954523578	-0.0342143502017756	-0.02951939223392536	-0.02103243241576046	-0.0428070779260689	-0.023433289297797994	-0.07844085545125241	-0.0339540860111925	-0.05307012399761387	0.04083299514280546	0.02323706287443593	0.023194790596826307	0.018210174416941494	-0.0031201485154407427	-0.0026293914112711612	-0.00828368746459505	-0.004606734732192278	-0.0009990779820460054	0.0038815524094352126	0.04090669568174499	-0.0007493546392504004	-0.0011150120510456884	-0.0022067394380443843	-0.0020301300402109737	0.10933179149716142	0.07644698900771102	-2.7631942525559556e-05	4.82462488541517e-06	-2.185196350019411e-05	5.925642264452175e-05	-0.04669854397029839	0.027931058748159786	0.04865785014338563	-3.857861871624672e-05	-1.4082089944842552e-05	3.479097237684432e-05	0.0	1.4310328049960142e-05	-1.6903968271749344e-05	0.0003675866639994462
